{
  "framework": "vite",
  "buildCommand": "npm run build",
  "devCommand": "npm run dev",
  "installCommand": "npm install",
  "outputDirectory": "dist",
  "rewrites": [
    {
      "source": "/(.*)",
      "destination": "/index.html"
    }
  ],
  "headers": [
    {
      "source": "/assets/(.*)",
      "headers": [
        {
          "key": "Cache-Control",
          "value": "public, max-age=31536000, immutable"
        }
      ]
    },
    {
      "source": "/(.*\\.(js|css|ico|png|jpg|jpeg|svg|webp))",
      "headers": [
        {
          "key": "Cache-Control", 
          "value": "public, max-age=31536000"
        }
      ]
    }
  ],
  "functions": {
    "app/api/**/*.ts": {
      "runtime": "@vercel/node"
    }
  },
  "env": {
    "VITE_DEPLOYMENT_PLATFORM": "vercel",
    "VITE_STATIC_DEPLOYMENT": "true"
  }
}